{"metadata_max": [1.2059833022881223, 0.5079161196485479, 0.5750972970055757, 0.9607906434282144, 12.190555370801576, 0.47043557208439757, 0.49739831654364186, 12.987390689329697, 0.5822517412422656, 1.2059833022881223, 1.240369998291004, 1.204256961387095, 1.212457840842737, 1.2324783451975216, 4.78280021687655, 4.809061320231365, 4.9388674569008515, 4.970542555484677, 4.776142361736619, 0.5035313452312059, 0.5329484512124745, 0.5277465799649572, 0.5035394807350523, 0.5099316455661624, 0.5232954950124498, 0.5240369963056448, 0.5225271637382385, 0.5439347751600363, 0.5461604977239205, 0.5483673226292153, 0.3893071242254619, 0.40298362325861364, 0.37349619137720086, 0.3894874208023163, 0.38689992195409995, 15303.063527824746, 14078.51900495089, 15105.714120104733, 15244.566607493314, 3.010484924846719, 0.7864190007773555, 0.7160053613198489, 0.7038470317529452, 29.5004332613573, 0.9582898120348295], "metadata_mean": [0.4986390856018777, 0.5079161196485479, 0.7179544398627185, 0.0392093565717856, 2014.1905553708016, 0.5295644279156024, 0.5026016834563581, 10.995942644003637, 0.4177482587577343, 0.4986390856018777, 0.49889830462899604, 0.5003654265029049, 0.49216454704726303, 0.5067899577224785, 2.0146221921834497, 1.988361088828635, 2.0476390051991493, 2.015963906615323, 2.0212800473233803, 0.49645636296601625, 0.46542571545419203, 0.5288352587189961, 0.5035456789467806, 0.49002978360605987, 0.38628634635143916, 0.385542895322133, 0.3870558644200949, 0.5492882176567585, 0.552450634167165, 0.5555196376100375, 0.21702323873009363, 0.2025033949024974, 0.23365064195613244, 0.21738272181657264, 0.22024691137923333, 355.9364721752531, 282.4809950491108, 1185.285879895268, 931.4333925066862, 3.010484924846719, 0.2086108202962032, 0.2839946386801511, 0.29615296824705484, 29.4995667386427, 0.9582898120348295]}